Date,AMGN,BIIB,GILD,INCY,REGN,VRTX
2000-04-01 00:00:00-05:00,41.610897064208984,21.333332061767578,1.2950642108917236,38.5,28.5625,26.125
2000-05-01 00:00:00-04:00,47.27668762207031,21.270832061767578,1.307013988494873,26.375,20.375,36.9375
2000-06-01 00:00:00-04:00,52.19938659667969,39.10416793823242,1.6998653411865234,41.09375,29.8125,52.6875
2000-07-01 00:00:00-04:00,48.25193786621094,40.9375,1.77156400680542,37.90625,28.0625,48.96875
2000-08-01 00:00:00-04:00,56.332637786865234,46.54166793823242,2.5811665058135986,41.46875,35.4375,85.0
2000-09-01 00:00:00-04:00,51.885902404785156,58.453125,2.6214969158172607,41.125,32.625,84.5
2000-10-01 00:00:00-04:00,43.050567626953125,65.375,2.055373430252075,36.625,26.75,93.109375
2000-11-01 00:00:00-05:00,47.27668762207031,58.02083206176758,1.9463316202163696,26.5,24.375,55.875
2000-12-01 00:00:00-05:00,47.50888442993164,63.1875,1.9821808338165283,24.875,35.265625,71.5
2001-01-01 00:00:00-05:00,52.24583435058594,58.8125,1.617709755897522,27.875,32.75,67.3125
2001-02-01 00:00:00-05:00,53.54617691040039,56.375,1.7865018844604492,16.8125,31.375,49.75
2001-03-01 00:00:00-05:00,44.722434997558594,40.0,1.553479790687561,15.350000381469727,22.1875,36.625
2001-04-01 00:00:00-05:00,45.43020248413086,49.20000076293945,2.3412137031555176,16.1299991607666,31.010000228881836,38.560001373291016
2001-05-01 00:00:00-04:00,49.323787689208984,61.599998474121094,2.4736180305480957,21.219999313354492,31.90999984741211,43.939998626708984
2001-06-01 00:00:00-04:00,45.08838653564453,67.69000244140625,2.7814457416534424,24.520000457763672,34.650001525878906,49.5
2001-07-01 00:00:00-04:00,46.59679412841797,53.97999954223633,2.451630115509033,18.829999923706055,26.8700008392334,39.95000076293945
2001-08-01 00:00:00-04:00,47.77824020385742,59.27000045776367,2.901900291442871,17.68000030517578,30.1200008392334,36.88999938964844
2001-09-01 00:00:00-04:00,43.669151306152344,49.56999969482422,2.6848909854888916,13.65999984741211,22.239999771118164,18.040000915527344
2001-10-01 00:00:00-04:00,42.22020721435547,59.97999954223633,3.006580352783203,14.899999618530273,22.100000381469727,24.5
2001-11-01 00:00:00-05:00,49.360939025878906,70.30000305175781,3.4515929222106934,19.020000457763672,27.670000076293945,25.299999237060547
2001-12-01 00:00:00-05:00,41.93784713745117,68.93000030517578,3.1413750648498535,19.440000534057617,28.15999984741211,24.59000015258789
2002-01-01 00:00:00-05:00,41.23937225341797,59.459999084472656,3.127034902572632,14.75,24.799999237060547,19.739999771118164
2002-02-01 00:00:00-05:00,43.0821418762207,62.81999969482422,3.3679442405700684,10.989999771118164,22.709999084472656,21.809999465942383
2002-03-01 00:00:00-05:00,44.345340728759766,64.30000305175781,3.440599203109741,11.899999618530273,24.989999771118164,27.860000610351562
2002-04-01 00:00:00-05:00,39.29258346557617,54.95000076293945,2.975033760070801,8.210000038146973,20.649999618530273,21.270000457763672
2002-05-01 00:00:00-04:00,35.39154815673828,42.88999938964844,3.4090516567230225,7.340000152587891,16.520000457763672,19.729999542236328
2002-06-01 00:00:00-04:00,31.119020462036133,35.45000076293945,3.143287420272827,7.269999980926514,14.510000228881836,16.280000686645508
2002-07-01 00:00:00-04:00,33.91289138793945,44.59000015258789,2.9128942489624023,6.190000057220459,17.200000762939453,19.739999771118164
2002-08-01 00:00:00-04:00,33.459632873535156,40.18000030517578,3.0668084621429443,6.119999885559082,15.449999809265137,19.899999618530273
2002-09-01 00:00:00-04:00,30.985271453857422,41.52000045776367,3.20542573928833,4.639999866485596,13.5,18.489999771118164
2002-10-01 00:00:00-04:00,34.59648513793945,46.02000045776367,3.321101188659668,4.940000057220459,15.130000114440918,19.610000610351562
2002-11-01 00:00:00-05:00,35.07204055786133,32.810001373291016,3.7685039043426514,5.349999904632568,21.649999618530273,18.56999969482422
2002-12-01 00:00:00-05:00,35.919124603271484,33.16999816894531,3.2503578662872314,4.559999942779541,18.510000228881836,15.850000381469727
2003-01-01 00:00:00-05:00,37.86592102050781,32.08000183105469,3.3363969326019287,4.360000133514404,18.729999542236328,13.84000015258789
2003-02-01 00:00:00-05:00,40.60034942626953,28.75,3.2503578662872314,3.380000114440918,18.34000015258789,11.050000190734863
2003-03-01 00:00:00-05:00,42.76264572143555,34.220001220703125,4.0141921043396,2.990000009536743,7.519999980926514,11.140000343322754
2003-04-01 00:00:00-05:00,45.54907989501953,32.75,4.410926818847656,3.430000066757202,6.329999923706055,12.0600004196167
2003-05-01 00:00:00-04:00,48.10517120361328,38.220001220703125,4.995990753173828,5.019999980926514,13.739999771118164,14.5
2003-06-01 00:00:00-04:00,48.996829986572266,33.959999084472656,5.310511589050293,4.860000133514404,15.760000228881836,14.630000114440918
2003-07-01 00:00:00-04:00,51.590084075927734,33.7599983215332,6.522703170776367,5.25,15.399999618530273,14.529999732971191
2003-08-01 00:00:00-04:00,48.996829986572266,34.720001220703125,6.374525547027588,3.9600000381469727,15.210000038146973,12.600000381469727
2003-09-01 00:00:00-04:00,47.941707611083984,33.290000915527344,5.357353687286377,4.630000114440918,17.670000076293945,12.300000190734863
2003-10-01 00:00:00-04:00,45.89088821411133,35.13999938964844,5.2149128913879395,5.28000020980835,13.84000015258789,13.119999885559082
2003-11-01 00:00:00-05:00,42.81464767456055,38.18000030517578,5.609734535217285,6.050000190734863,12.880000114440918,8.739999771118164
2003-12-01 00:00:00-05:00,45.91316604614258,36.70000076293945,5.571495532989502,6.840000152587891,14.710000038146973,10.350000381469727
2004-01-01 00:00:00-05:00,48.04573440551758,42.97999954223633,5.239767551422119,8.920000076293945,14.859999656677246,9.90999984741211
2004-02-01 00:00:00-05:00,47.206085205078125,55.45000076293945,5.188144683837891,8.640000343322754,14.15999984741211,11.270000457763672
2004-03-01 00:00:00-05:00,43.2084846496582,55.599998474121094,5.300950527191162,8.3100004196167,13.579999923706055,9.420000076293945
2004-04-01 00:00:00-05:00,41.91555404663086,59.0,5.825788497924805,7.949999809265137,12.529999732971191,8.640000343322754
2004-05-01 00:00:00-04:00,40.644927978515625,62.150001525878906,6.245466709136963,7.170000076293945,11.229999542236328,8.800000190734863
2004-06-01 00:00:00-04:00,40.548336029052734,63.25,6.405115604400635,7.639999866485596,10.529999732971191,10.84000015258789
2004-07-01 00:00:00-04:00,42.264793395996094,60.0,6.179502487182617,6.130000114440918,8.5600004196167,9.229999542236328
2004-08-01 00:00:00-04:00,44.0555419921875,59.33000183105469,6.6087422370910645,6.829999923706055,8.90999984741211,9.729999542236328
2004-09-01 00:00:00-04:00,42.21277618408203,61.16999816894531,7.146963596343994,9.630000114440918,8.680000305175781,10.5
2004-10-01 00:00:00-04:00,42.205345153808594,58.15999984741211,6.6211700439453125,10.399999618530273,7.269999980926514,10.880000114440918
2004-11-01 00:00:00-05:00,44.61282730102539,58.68000030517578,6.58866548538208,10.270000457763672,9.220000267028809,10.619999885559082
2004-12-01 00:00:00-05:00,47.666786193847656,66.61000061035156,6.690001010894775,9.989999771118164,9.210000038146973,10.569999694824219
2005-01-01 00:00:00-05:00,46.24754333496094,64.95999908447266,6.328637599945068,8.960000038146973,7.199999809265137,10.170000076293945
2005-02-01 00:00:00-05:00,45.77943420410156,38.650001525878906,6.605875015258789,8.729999542236328,6.110000133514404,11.539999961853027
2005-03-01 00:00:00-05:00,43.2530517578125,34.5099983215332,6.844871520996094,6.829999923706055,5.110000133514404,9.359999656677246
2005-04-01 00:00:00-05:00,43.2530517578125,36.2400016784668,7.095339775085449,6.550000190734863,5.570000171661377,9.529999732971191
2005-05-01 00:00:00-04:00,46.50019073486328,39.099998474121094,7.800857067108154,7.630000114440918,6.230000019073486,13.920000076293945
2005-06-01 00:00:00-04:00,44.92491149902344,34.45000076293945,8.41077995300293,7.150000095367432,8.390000343322754,16.850000381469727
2005-07-01 00:00:00-04:00,59.273223876953125,39.290000915527344,8.567559242248535,7.96999979019165,9.640000343322754,15.949999809265137
2005-08-01 00:00:00-04:00,59.369834899902344,42.13999938964844,8.2214937210083,7.360000133514404,7.46999979019165,18.399999618530273
2005-09-01 00:00:00-04:00,59.19895935058594,39.47999954223633,9.32278823852539,4.699999809265137,9.489999771118164,22.350000381469727
2005-10-01 00:00:00-04:00,56.1895866394043,40.630001068115234,9.034079551696777,4.989999771118164,12.510000228881836,22.75
2005-11-01 00:00:00-05:00,60.13517761230469,42.810001373291016,9.691802024841309,5.559999942779541,11.170000076293945,25.5
2005-12-01 00:00:00-05:00,58.597076416015625,45.279998779296875,10.051254272460938,5.340000152587891,15.899999618530273,27.670000076293945
2006-01-01 00:00:00-05:00,54.161041259765625,44.75,11.638191223144531,5.090000152587891,15.229999542236328,35.720001220703125
2006-02-01 00:00:00-05:00,56.085540771484375,47.25,11.905869483947754,5.880000114440918,16.3700008392334,43.2400016784668
2006-03-01 00:00:00-05:00,54.0570068359375,47.099998474121094,11.896308898925781,6.019999980926514,16.6299991607666,36.59000015258789
2006-04-01 00:00:00-05:00,50.30459976196289,44.849998474121094,10.993856430053711,4.170000076293945,14.520000457763672,36.369998931884766
2006-05-01 00:00:00-04:00,50.222862243652344,46.630001068115234,10.961353302001953,4.170000076293945,12.9399995803833,34.5
2006-06-01 00:00:00-04:00,48.46928405761719,46.31999969482422,11.311245918273926,4.599999904632568,12.819999694824219,36.709999084472656
2006-07-01 00:00:00-04:00,51.79815673828125,42.04999923706055,11.762470245361328,4.260000228881836,13.65999984741211,33.52000045776367
2006-08-01 00:00:00-04:00,50.54981231689453,44.20000076293945,12.12192153930664,5.110000133514404,15.880000114440918,34.45000076293945
2006-09-01 00:00:00-04:00,53.15048599243164,44.68000030517578,13.148653984069824,4.230000019073486,15.6899995803833,33.650001525878906
2006-10-01 00:00:00-04:00,56.405052185058594,47.599998474121094,13.173506736755371,4.760000228881836,20.049999237060547,40.599998474121094
2006-11-01 00:00:00-05:00,52.786407470703125,52.2599983215332,12.611387252807617,5.239999771118164,21.510000228881836,44.29999923706055
2006-12-01 00:00:00-05:00,50.75786590576172,49.189998626708984,12.41445255279541,5.840000152587891,20.06999969482422,37.41999816894531
2007-01-01 00:00:00-05:00,52.28855514526367,48.34000015258789,12.297823905944824,7.429999828338623,19.889999389648438,35.349998474121094
2007-02-01 00:00:00-05:00,47.74851989746094,45.189998626708984,13.682095527648926,6.409999847412109,19.84000015258789,30.690000534057617
2007-03-01 00:00:00-05:00,41.52174758911133,44.380001068115234,14.626606941223145,6.590000152587891,21.6200008392334,28.040000915527344
2007-04-01 00:00:00-04:00,47.65935134887695,47.209999084472656,15.62465763092041,7.710000038146973,27.200000762939453,30.739999771118164
2007-05-01 00:00:00-04:00,41.945274353027344,52.220001220703125,15.825418472290039,7.090000152587891,22.440000534057617,29.899999618530273
2007-06-01 00:00:00-04:00,41.083335876464844,53.5,14.83692741394043,6.0,17.920000076293945,28.559999465942383
2007-07-01 00:00:00-04:00,39.931610107421875,56.540000915527344,14.236564636230469,5.320000171661377,14.890000343322754,32.29999923706055
2007-08-01 00:00:00-04:00,37.23433303833008,63.81999969482422,13.907708168029785,5.840000152587891,19.459999084472656,38.959999084472656
2007-09-01 00:00:00-04:00,42.03443145751953,66.33000183105469,15.6284818649292,7.150000095367432,17.799999237060547,38.40999984741211
2007-10-01 00:00:00-04:00,43.178749084472656,74.44000244140625,17.662826538085938,8.65999984741211,22.0,32.34000015258789
2007-11-01 00:00:00-04:00,41.053611755371094,74.12000274658203,17.796659469604492,8.579999923706055,21.780000686645508,25.389999389648438
2007-12-01 00:00:00-05:00,34.507328033447266,56.91999816894531,17.593996047973633,10.050000190734863,24.149999618530273,23.229999542236328
2008-01-01 00:00:00-05:00,34.61878967285156,60.95000076293945,17.471628189086914,11.979999542236328,20.280000686645508,20.360000610351562
2008-02-01 00:00:00-05:00,33.823726654052734,58.36000061035156,18.09493064880371,9.90999984741211,19.770000457763672,17.5
2008-03-01 00:00:00-05:00,31.044710159301758,61.689998626708984,19.704816818237305,10.510000228881836,19.190000534057617,23.889999389648438
2008-04-01 00:00:00-04:00,31.1115779876709,60.689998626708984,19.79276466369629,10.850000381469727,19.6200008392334,25.520000457763672
2008-05-01 00:00:00-04:00,32.71657180786133,62.75,21.154085159301758,9.710000038146973,19.899999618530273,28.6299991607666
2008-06-01 00:00:00-04:00,35.04231643676758,55.88999938964844,20.247819900512695,7.610000133514404,14.4399995803833,33.470001220703125
2008-07-01 00:00:00-04:00,46.53733444213867,69.76000213623047,20.641681671142578,9.260000228881836,21.889999389648438,34.5
2008-08-01 00:00:00-04:00,46.70079803466797,50.93000030517578,20.144573211669922,10.229999542236328,21.719999313354492,26.860000610351562
2008-09-01 00:00:00-04:00,44.040679931640625,50.290000915527344,17.448684692382812,7.650000095367432,21.829999923706055,33.2400016784668
2008-10-01 00:00:00-04:00,44.50136947631836,42.54999923706055,17.532808303833008,4.150000095367432,19.299999237060547,26.209999084472656
2008-11-01 00:00:00-04:00,41.26909255981445,42.310001373291016,17.127479553222656,3.3399999141693115,15.460000038146973,24.59000015258789
2008-12-01 00:00:00-05:00,42.911251068115234,47.630001068115234,19.555681228637695,3.7899999618530273,18.360000610351562,30.3799991607666
2009-01-01 00:00:00-05:00,40.75640869140625,48.650001525878906,19.414199829101562,2.930000066757202,17.479999542236328,33.04999923706055
2009-02-01 00:00:00-05:00,36.35752868652344,46.040000915527344,17.131298065185547,2.309999942779541,14.25,30.139999389648438
2009-03-01 00:00:00-05:00,36.79593276977539,52.41999816894531,17.712535858154297,2.3399999141693115,13.859999656677246,28.729999542236328
2009-04-01 00:00:00-04:00,36.01573181152344,48.34000015258789,17.51369285583496,2.359999895095825,13.260000228881836,30.81999969482422
2009-05-01 00:00:00-04:00,37.1080207824707,51.790000915527344,16.48122787475586,3.2899999618530273,15.270000457763672,29.770000457763672
2009-06-01 00:00:00-04:00,39.3371696472168,45.150001525878906,17.911388397216797,3.2899999618530273,17.920000076293945,35.970001220703125
2009-07-01 00:00:00-04:00,46.2995719909668,47.54999923706055,18.710590362548828,5.199999809265137,21.479999542236328,36.0099983215332
2009-08-01 00:00:00-04:00,44.41962814331055,50.20000076293945,17.2307186126709,6.590000152587891,22.729999542236328,37.40999984741211
2009-09-01 00:00:00-04:00,44.75400161743164,50.52000045776367,17.781368255615234,6.75,19.299999237060547,37.900001525878906
2009-10-01 00:00:00-04:00,39.842437744140625,42.130001068115234,16.270904541015625,5.889999866485596,15.699999809265137,33.560001373291016
2009-11-01 00:00:00-04:00,41.8709716796875,46.939998626708984,17.632234573364258,8.329999923706055,18.350000381469727,38.81999969482422
2009-12-01 00:00:00-05:00,42.03443145751953,53.5,16.54623794555664,9.109999656677246,24.18000030517578,42.849998474121094
2010-01-01 00:00:00-05:00,43.453670501708984,53.7400016784668,18.45821189880371,10.680000305175781,26.65999984741211,38.400001525878906
2010-02-01 00:00:00-05:00,42.06415557861328,55.0099983215332,18.205825805664062,10.65999984741211,24.459999084472656,40.540000915527344
2010-03-01 00:00:00-05:00,44.4642219543457,57.38999938964844,17.38749885559082,13.930000305175781,26.489999771118164,40.869998931884766
2010-04-01 00:00:00-04:00,42.58430480957031,53.290000915527344,15.184907913208008,13.4399995803833,25.530000686645508,38.77000045776367
2010-05-01 00:00:00-04:00,38.47523498535156,47.43000030517578,13.73563003540039,12.890000343322754,28.56999969482422,34.59000015258789
2010-06-01 00:00:00-04:00,39.084529876708984,47.45000076293945,13.108502388000488,11.069999694824219,22.31999969482422,32.900001525878906
2010-07-01 00:00:00-04:00,40.51861572265625,55.880001068115234,12.741403579711914,13.020000457763672,24.190000534057617,33.65999984741211
2010-08-01 00:00:00-04:00,37.92537307739258,53.79999923706055,12.17163372039795,12.510000228881836,21.979999542236328,33.310001373291016
2010-09-01 00:00:00-04:00,40.949588775634766,56.119998931884766,13.617088317871094,15.989999771118164,27.399999618530273,34.56999969482422
2010-10-01 00:00:00-04:00,42.495140075683594,62.709999084472656,15.169610977172852,16.65999984741211,26.110000610351562,38.29999923706055
2010-11-01 00:00:00-04:00,39.151397705078125,63.970001220703125,13.957417488098145,14.510000228881836,28.81999969482422,33.130001068115234
2010-12-01 00:00:00-05:00,40.79355239868164,67.05000305175781,13.85799789428711,16.559999465942383,32.83000183105469,35.029998779296875
2011-01-01 00:00:00-05:00,40.927310943603516,65.47000122070312,14.676321029663086,14.739999771118164,33.68000030517578,38.88999938964844
2011-02-01 00:00:00-05:00,38.140865325927734,68.4000015258789,14.905762672424316,13.680000305175781,36.27000045776367,46.66999816894531
2011-03-01 00:00:00-05:00,39.716121673583984,73.47000122070312,16.240320205688477,15.850000381469727,44.939998626708984,47.93000030517578
2011-04-01 00:00:00-04:00,42.24250793457031,97.6500015258789,14.852224349975586,18.479999542236328,51.040000915527344,55.04999923706055
2011-05-01 00:00:00-04:00,44.984371185302734,94.7300033569336,15.961166381835938,17.729999542236328,60.02000045776367,53.9900016784668
2011-06-01 00:00:00-04:00,43.3570671081543,106.91999816894531,15.834972381591797,18.940000534057617,56.709999084472656,51.9900016784668
2011-07-01 00:00:00-04:00,40.644927978515625,101.87000274658203,16.198251724243164,17.440000534057617,53.060001373291016,51.86000061035156
2011-08-01 00:00:00-04:00,41.16507339477539,94.19999694824219,15.249913215637207,16.06999969482422,59.029998779296875,45.27000045776367
2011-09-01 00:00:00-04:00,41.060935974121094,93.1500015258789,14.83692741394043,13.970000267028809,58.20000076293945,44.459999084472656
2011-10-01 00:00:00-04:00,42.786746978759766,116.36000061035156,15.930577278137207,13.770000457763672,55.29999923706055,39.59000015258789
2011-11-01 00:00:00-04:00,43.26491165161133,114.94999694824219,15.238443374633789,13.770000457763672,59.41999816894531,28.989999771118164
2011-12-01 00:00:00-05:00,48.20711898803711,110.05000305175781,15.651427268981934,15.010000228881836,55.43000030517578,33.209999084472656
2012-01-01 00:00:00-05:00,51.0,117.94999694824219,18.683820724487305,17.700000762939453,90.86000061035156,36.95000076293945
2012-02-01 00:00:00-05:00,51.06005096435547,116.47000122070312,17.414270401000977,16.959999084472656,104.79000091552734,38.91999816894531
2012-03-01 00:00:00-05:00,51.30419921875,126.0,18.683820724487305,19.299999237060547,116.62000274658203,41.0099983215332
2012-04-01 00:00:00-04:00,53.67430114746094,134.00999450683594,19.892189025878906,22.65999984741211,135.25999450683594,38.47999954223633
2012-05-01 00:00:00-04:00,52.47415542602539,130.75,19.100635528564453,21.309999465942383,135.64999389648438,60.040000915527344
2012-06-01 00:00:00-04:00,55.31431579589844,144.3800048828125,19.609214782714844,22.700000762939453,114.22000122070312,55.91999816894531
2012-07-01 00:00:00-04:00,62.665771484375,145.8300018310547,20.77552032470703,24.989999771118164,134.64999389648438,48.5099983215332
2012-08-01 00:00:00-04:00,63.66720199584961,146.58999633789062,22.06036376953125,20.010000228881836,148.0500030517578,53.33000183105469
2012-09-01 00:00:00-04:00,64.22911834716797,149.2100067138672,25.36426544189453,18.049999237060547,152.66000366210938,55.88999938964844
2012-10-01 00:00:00-04:00,65.9054946899414,138.2100067138672,25.689298629760742,15.960000038146973,142.3000030517578,48.279998779296875
2012-11-01 00:00:00-04:00,67.66571807861328,149.08999633789062,28.67963409423828,17.600000381469727,176.5500030517578,39.790000915527344
2012-12-01 00:00:00-05:00,65.96219635009766,146.3699951171875,28.08692169189453,16.610000610351562,171.07000732421875,41.900001525878906
2013-01-01 00:00:00-05:00,65.39595031738281,156.0800018310547,30.170969009399414,18.3799991607666,173.94000244140625,44.779998779296875
2013-02-01 00:00:00-05:00,70.05615234375,166.33999633789062,32.671836853027344,22.229999542236328,167.0,46.81999969482422
2013-03-01 00:00:00-05:00,78.87016296386719,192.6199951171875,37.42882537841797,23.40999984741211,176.39999389648438,54.970001220703125
2013-04-01 00:00:00-04:00,80.17814636230469,218.92999267578125,38.728965759277344,22.149999618530273,215.13999938964844,76.81999969482422
2013-05-01 00:00:00-04:00,77.34678649902344,237.49000549316406,41.66575241088867,22.170000076293945,241.8800048828125,80.33000183105469
2013-06-01 00:00:00-04:00,76.24327850341797,215.1999969482422,39.21078109741211,22.0,224.8800048828125,80.05999755859375
2013-07-01 00:00:00-04:00,83.68522644042969,218.1300048828125,46.95812225341797,23.40999984741211,270.05999755859375,79.80000305175781
2013-08-01 00:00:00-04:00,84.18753051757812,213.02000427246094,46.09389877319336,33.88999938964844,242.30999755859375,75.1500015258789
2013-09-01 00:00:00-04:00,86.86896514892578,240.75999450683594,48.08234405517578,38.150001525878906,312.8699951171875,75.81999969482422
2013-10-01 00:00:00-04:00,90.14440155029297,244.19000244140625,54.43775939941406,39.0,287.6000061035156,71.3499984741211
2013-11-01 00:00:00-04:00,88.54550170898438,290.9700012207031,57.21394729614258,46.599998474121094,293.8599853515625,69.41999816894531
2013-12-01 00:00:00-05:00,88.91477966308594,279.57000732421875,57.435733795166016,50.630001068115234,275.239990234375,74.30000305175781
2014-01-01 00:00:00-05:00,92.71048736572266,312.6400146484375,61.680335998535156,65.5199966430664,288.5899963378906,79.04000091552734
2014-02-01 00:00:00-05:00,96.66207885742188,340.67999267578125,63.31696319580078,64.26000213623047,332.5,80.86000061035156
2014-03-01 00:00:00-05:00,96.62200927734375,305.8699951171875,54.193031311035156,53.52000045776367,300.2799987792969,70.72000122070312
2014-04-01 00:00:00-04:00,87.54265594482422,287.1199951171875,60.02839279174805,48.560001373291016,296.8900146484375,67.69999694824219
2014-05-01 00:00:00-04:00,90.86418914794922,319.3699951171875,62.10859680175781,49.54999923706055,306.9599914550781,72.26000213623047
2014-06-01 00:00:00-04:00,93.23768615722656,315.30999755859375,63.40873336791992,56.439998626708984,282.4700012207031,94.68000030517578
2014-07-01 00:00:00-04:00,100.34253692626953,334.3900146484375,70.01652526855469,47.56999969482422,316.2200012207031,88.91000366210938
2014-08-01 00:00:00-04:00,109.78682708740234,343.0400085449219,82.26082611083984,54.20000076293945,350.4599914550781,93.56999969482422
2014-09-01 00:00:00-04:00,111.170166015625,330.80999755859375,81.41190338134766,49.04999923706055,360.5199890136719,112.30999755859375
2014-10-01 00:00:00-04:00,128.3609161376953,321.0799865722656,85.65648651123047,67.05999755859375,393.7200012207031,112.63999938964844
2014-11-01 00:00:00-04:00,130.8382110595703,307.69000244140625,76.72374725341797,75.55000305175781,416.1099853515625,117.87999725341797
2014-12-01 00:00:00-05:00,126.55530548095703,339.45001220703125,72.08910369873047,73.11000061035156,410.25,118.80000305175781
2015-01-01 00:00:00-05:00,120.97001647949219,389.1600036621094,80.1729507446289,79.70999908447266,416.6600036621094,110.13999938964844
2015-02-01 00:00:00-05:00,125.30794525146484,409.5899963378906,79.17872619628906,85.8499984741211,413.8399963378906,119.43000030517578
2015-03-01 00:00:00-05:00,127.67254638671875,422.239990234375,75.04884338378906,91.66000366210938,451.4800109863281,117.97000122070312
2015-04-01 00:00:00-04:00,126.12306213378906,373.92999267578125,76.86907958984375,97.16000366210938,457.4599914550781,123.27999877929688
2015-05-01 00:00:00-04:00,124.80522155761719,396.989990234375,85.86297607421875,110.1500015258789,512.5599975585938,128.2899932861328
2015-06-01 00:00:00-04:00,123.22126007080078,403.94000244140625,89.54161834716797,104.20999908447266,510.1300048828125,123.4800033569336
2015-07-01 00:00:00-04:00,141.7380828857422,318.7799987792969,90.46470642089844,104.27999877929688,553.6599731445312,135.0
2015-08-01 00:00:00-04:00,121.82464599609375,297.29998779296875,80.64759063720703,116.19000244140625,513.5,127.5199966430664
2015-09-01 00:00:00-04:00,111.53756713867188,291.80999755859375,75.36676788330078,110.33000183105469,465.1400146484375,104.13999938964844
2015-10-01 00:00:00-04:00,127.55208587646484,290.510009765625,83.32313537597656,117.52999877929688,557.3900146484375,124.73999786376953
2015-11-01 00:00:00-04:00,129.90670776367188,286.8599853515625,81.65098571777344,114.23999786376953,544.5,129.36000061035156
2015-12-01 00:00:00-05:00,131.5611572265625,306.3500061035156,77.97529602050781,108.44999694824219,542.8699951171875,125.83000183105469
2016-01-01 00:00:00-05:00,123.7807846069336,273.05999755859375,64.23448181152344,70.55999755859375,420.0899963378906,90.75
2016-02-01 00:00:00-05:00,115.31153869628906,259.4200134277344,67.52363586425781,73.5,384.0199890136719,85.48999786376953
2016-03-01 00:00:00-05:00,122.3564682006836,260.32000732421875,71.09134674072266,72.47000122070312,360.44000244140625,79.48999786376953
2016-04-01 00:00:00-04:00,129.18714904785156,274.989990234375,68.59558868408203,72.2699966430664,376.7099914550781,84.33999633789062
2016-05-01 00:00:00-04:00,128.90151977539062,289.7300109863281,67.70130920410156,84.41000366210938,398.92999267578125,93.1500015258789
2016-06-01 00:00:00-04:00,124.9856185913086,241.82000732421875,64.8707046508789,79.9800033569336,349.2300109863281,86.0199966430664
2016-07-01 00:00:00-04:00,141.3162841796875,289.92999267578125,62.146827697753906,90.20999908447266,425.1199951171875,97.0
2016-08-01 00:00:00-04:00,139.69802856445312,305.6300048828125,61.2944450378418,81.0999984741211,392.54998779296875,94.51000213623047
2016-09-01 00:00:00-04:00,137.82485961914062,313.0299987792969,61.87310791015625,94.29000091552734,402.0199890136719,87.20999908447266
2016-10-01 00:00:00-04:00,116.63182830810547,280.17999267578125,57.928646087646484,86.97000122070312,345.0199890136719,75.86000061035156
2016-11-01 00:00:00-04:00,119.03620910644531,294.07000732421875,57.98372268676758,102.29000091552734,379.239990234375,81.61000061035156
2016-12-01 00:00:00-05:00,121.620361328125,283.5799865722656,56.33941650390625,100.2699966430664,367.0899963378906,73.66999816894531
2017-01-01 00:00:00-05:00,130.32952880859375,277.239990234375,57.36725616455078,121.20999908447266,359.2900085449219,85.87000274658203
2017-02-01 00:00:00-05:00,146.8411407470703,288.6000061035156,55.807395935058594,133.10000610351562,373.5,90.62000274658203
2017-03-01 00:00:00-05:00,137.41793823242188,273.4200134277344,53.78033447265625,133.6699981689453,387.510009765625,109.3499984741211
2017-04-01 00:00:00-04:00,136.789794921875,271.2099914550781,54.696842193603516,124.27999877929688,388.489990234375,118.30000305175781
2017-05-01 00:00:00-04:00,130.02230834960938,247.77000427246094,51.77647399902344,129.3300018310547,459.05999755859375,123.5999984741211
2017-06-01 00:00:00-04:00,145.29527282714844,271.3599853515625,56.47618103027344,125.91000366210938,491.1400146484375,128.8699951171875
2017-07-01 00:00:00-04:00,147.2187042236328,289.5899963378906,61.2015495300293,133.2899932861328,491.6199951171875,151.82000732421875
2017-08-01 00:00:00-04:00,149.96888732910156,316.55999755859375,67.33058166503906,137.41000366210938,496.8999938964844,160.5399932861328
2017-09-01 00:00:00-04:00,158.35220336914062,313.1199951171875,65.16692352294922,116.73999786376953,447.1199951171875,152.0399932861328
2017-10-01 00:00:00-04:00,148.81459045410156,311.6600036621094,60.669677734375,113.25,402.6199951171875,146.22999572753906
2017-11-01 00:00:00-04:00,149.18824768066406,322.1700134277344,60.523983001708984,98.98999786376953,361.8599853515625,144.2899932861328
2017-12-01 00:00:00-05:00,148.70310974121094,318.57000732421875,57.982608795166016,94.70999908447266,375.9599914550781,149.86000061035156
2018-01-01 00:00:00-05:00,159.0926513671875,347.80999755859375,68.28813171386719,90.29000091552734,366.6499938964844,166.8699951171875
2018-02-01 00:00:00-05:00,157.14300537109375,288.989990234375,64.1566162109375,85.16000366210938,320.44000244140625,166.02999877929688
2018-03-01 00:00:00-05:00,146.88064575195312,273.82000732421875,61.43487548828125,83.33000183105469,344.3599853515625,162.97999572753906
2018-04-01 00:00:00-04:00,150.32691955566406,273.6000061035156,59.27643585205078,61.939998626708984,303.67999267578125,153.16000366210938
2018-05-01 00:00:00-04:00,154.75535583496094,293.9599914550781,55.312618255615234,68.2699966430664,300.32000732421875,154.0
2018-06-01 00:00:00-04:00,160.264892578125,290.239990234375,58.13570022583008,67.0,344.989990234375,169.9600067138672
2018-07-01 00:00:00-04:00,170.64881896972656,334.3699951171875,64.38692474365234,66.54000091552734,368.010009765625,175.0500030517578
2018-08-01 00:00:00-04:00,173.47921752929688,353.489990234375,62.649654388427734,73.91000366210938,406.75,184.39999389648438
2018-09-01 00:00:00-04:00,181.19845581054688,353.30999755859375,63.87403106689453,69.08000183105469,404.0400085449219,192.74000549316406
2018-10-01 00:00:00-04:00,168.5235595703125,304.2699890136719,56.841739654541016,64.81999969482422,339.239990234375,169.4600067138672
2018-11-01 00:00:00-04:00,182.03761291503906,333.7200012207031,59.9764518737793,64.25,365.6499938964844,180.7899932861328
2018-12-01 00:00:00-05:00,171.35516357421875,300.9200134277344,52.14799499511719,63.59000015258789,373.5,165.7100067138672
2019-01-01 00:00:00-05:00,164.7006072998047,333.7799987792969,58.859771728515625,80.58999633789062,429.2699890136719,190.91000366210938
2019-02-01 00:00:00-05:00,167.3148651123047,328.010009765625,54.66450119018555,86.2300033569336,430.739990234375,188.75
2019-03-01 00:00:00-05:00,168.5198516845703,236.3800048828125,54.65610122680664,86.01000213623047,410.6199951171875,183.9499969482422
2019-04-01 00:00:00-04:00,159.0640106201172,229.24000549316406,55.210330963134766,76.80000305175781,343.1400146484375,168.97999572753906
2019-05-01 00:00:00-04:00,147.8695831298828,219.2899932861328,52.84200668334961,78.62999725341797,301.7200012207031,166.17999267578125
2019-06-01 00:00:00-04:00,164.87106323242188,233.8699951171875,57.34947967529297,84.95999908447266,313.0,183.3800048828125
2019-07-01 00:00:00-04:00,166.92880249023438,237.82000732421875,56.147483825683594,84.91999816894531,304.760009765625,166.6199951171875
2019-08-01 00:00:00-04:00,186.64749145507812,219.75,54.45072555541992,81.81999969482422,290.04998779296875,180.02000427246094
2019-09-01 00:00:00-04:00,174.35543823242188,232.82000732421875,54.3136100769043,74.2300033569336,277.3999938964844,169.4199981689453
2019-10-01 00:00:00-04:00,192.14151000976562,298.7099914550781,55.106346130371094,83.91999816894531,306.2799987792969,195.47999572753906
2019-11-01 00:00:00-04:00,211.48631286621094,299.80999755859375,58.159637451171875,94.16000366210938,369.0,221.75
2019-12-01 00:00:00-05:00,218.6510467529297,296.7300109863281,56.204837799072266,87.31999969482422,375.4800109863281,218.9499969482422
2020-01-01 00:00:00-05:00,195.9578399658203,268.8500061035156,55.17808532714844,73.06999969482422,337.94000244140625,227.0500030517578
2020-02-01 00:00:00-05:00,181.1555633544922,308.3900146484375,60.55620193481445,75.41000366210938,444.57000732421875,224.02999877929688
2020-03-01 00:00:00-05:00,185.18182373046875,316.3800048828125,65.27079010009766,73.2300033569336,488.2900085449219,237.9499969482422
2020-04-01 00:00:00-04:00,218.5132598876953,296.8299865722656,74.02094268798828,97.66000366210938,525.8800048828125,251.1999969482422
2020-05-01 00:00:00-04:00,209.81732177734375,307.0899963378906,68.58390045166016,101.91000366210938,612.8099975585938,287.9599914550781
2020-06-01 00:00:00-04:00,216.90237426757812,267.54998779296875,67.79964447021484,103.97000122070312,623.6500244140625,290.30999755859375
2020-07-01 00:00:00-04:00,225.0042724609375,274.69000244140625,61.81534957885742,98.76000213623047,632.0700073242188,272.0
2020-08-01 00:00:00-04:00,232.95899963378906,287.6400146484375,59.34379959106445,96.3499984741211,619.9299926757812,279.1199951171875
2020-09-01 00:00:00-04:00,235.2971649169922,283.67999267578125,56.17879867553711,89.73999786376953,559.780029296875,272.1199951171875
2020-10-01 00:00:00-04:00,200.83949279785156,252.07000732421875,52.23968505859375,86.63999938964844,543.5599975585938,208.36000061035156
2020-11-01 00:00:00-04:00,205.56094360351562,240.1699981689453,54.5035514831543,84.54000091552734,516.030029296875,227.75
2020-12-01 00:00:00-05:00,214.3020477294922,244.86000061035156,52.338497161865234,86.9800033569336,483.1099853515625,236.33999633789062
2021-01-01 00:00:00-05:00,225.03021240234375,282.6099853515625,59.59947204589844,89.75,503.8399963378906,229.0800018310547
2021-02-01 00:00:00-05:00,209.64169311523438,272.8800048828125,55.78365707397461,78.66000366210938,450.57000732421875,212.5500030517578
2021-03-01 00:00:00-05:00,233.63327026367188,279.75,58.718204498291016,81.2699966430664,473.1400146484375,214.88999938964844
2021-04-01 00:00:00-04:00,225.0226287841797,267.3299865722656,58.32063674926758,85.37999725341797,481.29998779296875,218.1999969482422
2021-05-01 00:00:00-04:00,223.4263153076172,267.4800109863281,60.74645233154297,83.77999877929688,502.42999267578125,208.6300048828125
2021-06-01 00:00:00-04:00,230.49124145507812,346.2699890136719,63.27334213256836,84.12999725341797,558.5399780273438,201.6300048828125
2021-07-01 00:00:00-04:00,228.4014434814453,326.7300109863281,63.40418243408203,77.3499984741211,574.6099853515625,201.5800018310547
2021-08-01 00:00:00-04:00,213.2623291015625,338.9100036621094,67.57294464111328,76.48999786376953,673.4000244140625,200.2899932861328
2021-09-01 00:00:00-04:00,202.6356964111328,282.989990234375,64.85256958007812,68.77999877929688,605.1799926757812,181.38999938964844
2021-10-01 00:00:00-04:00,197.22320556640625,266.67999267578125,60.8453254699707,66.9800033569336,639.9400024414062,184.92999267578125
2021-11-01 00:00:00-04:00,189.51417541503906,235.74000549316406,64.64346313476562,67.72000122070312,636.530029296875,186.94000244140625
2021-12-01 00:00:00-05:00,216.1753692626953,239.9199981689453,68.09461975097656,73.4000015258789,631.52001953125,219.60000610351562
2022-01-01 00:00:00-05:00,218.26051330566406,226.0,65.06324768066406,74.33000183105469,608.5900268554688,243.0500030517578
2022-02-01 00:00:00-05:00,217.62631225585938,211.00999450683594,57.219276428222656,68.30000305175781,618.3599853515625,230.02000427246094
2022-03-01 00:00:00-05:00,234.35902404785156,210.60000610351562,56.31930923461914,79.41999816894531,698.4199829101562,260.9700012207031
2022-04-01 00:00:00-04:00,225.99526977539062,207.44000244140625,56.9316520690918,74.95999908447266,659.1099853515625,273.2200012207031
2022-05-01 00:00:00-04:00,248.8186492919922,200.0,62.21802520751953,75.88999938964844,664.739990234375,268.6499938964844
2022-06-01 00:00:00-04:00,237.68780517578125,203.94000244140625,59.30140686035156,75.97000122070312,591.1300048828125,281.7900085449219
2022-07-01 00:00:00-04:00,241.76161193847656,215.05999755859375,58.04133224487305,77.68000030517578,581.6900024414062,280.4100036621094
2022-08-01 00:00:00-04:00,234.75698852539062,195.3800048828125,61.65495300292969,70.43000030517578,581.0599975585938,281.760009765625
2022-09-01 00:00:00-04:00,221.90122985839844,267.0,59.92584991455078,66.63999938964844,688.8699951171875,289.5400085449219
2022-10-01 00:00:00-04:00,266.15350341796875,283.44000244140625,77.08062744140625,74.33999633789062,748.75,312.0
2022-11-01 00:00:00-04:00,281.954345703125,305.1700134277344,86.28589630126953,79.66999816894531,751.7000122070312,316.3999938964844
2022-12-01 00:00:00-05:00,260.3440856933594,276.9200134277344,84.34070587158203,80.31999969482422,721.489990234375,288.7799987792969
2023-01-01 00:00:00-05:00,250.19358825683594,290.8999938964844,83.1482162475586,85.13999938964844,758.469970703125,323.1000061035156
2023-02-01 00:00:00-05:00,229.63490295410156,269.8599853515625,79.77037811279297,76.9800033569336,760.4199829101562,290.2900085449219
2023-03-01 00:00:00-05:00,238.02999877929688,270.0299987792969,80.0,70.2300033569336,820.0,314.3900146484375
